ID,tweet_id,name
0,666418789513326592,Walter
1,666447344410484738,Scout
2,666454714377183233,Kreggory
3,666644823164719104,Jimothy
4,666691418707132416,Christoper
5,666739327293083650,Lugan
6,666776908487630848,Josep
7,666804364988780544,Jockson
8,666817836334096384,Jeph
9,666835007768551424, Prencer
10,666835007768551424,Cupit
11,666996132027977728,Carll
12,667012601033924608,Klevin
13,667062181243039745,Keet
14,667073648344346624,Dave
15,667090893657276420,Clybe
16,667119796878725120,Gabe
17,667152164079423490,Pipsy
18,667160273090932737,Bradlay
19,667165590075940865,Churlie
20,667171260800061440,Kenneth
21,667174963120574464,Clarence
22,667182792070062081,Timison
23,667200525029539841,Joshwa
24,667211855547486208,Genevieve
25,667393430834667520,Fwed
26,667405339315146752,Biden
27,667453023279554560,Cupcake
28,667455448082227200,Reese
29,667495797102141441,Philippe
30,667502640335572993,Hall
31,667509364010450944,Tickles
32,667517642048163840,Dook
33,667530908589760512,Naphaniel
34,667534815156183040,Frank
35,667544320556335104,Kial
36,667546741521195010,George
37,667728196545200128,Olive
38,667766675769573376,Calvin
39,667806454573760512,Filup
40,667866724293877760,Shaggy
41,667878741721415682,Tedrick
42,667885044254572545,Stu
43,667886921285246976,Erik
44,667902449697558528,Cleopatricia
45,667915453470232577,Otis
46,667924896115245057,Jiminy
47,668113020489474048,Alfie
48,668190681446379520,Skittles
49,668204964695683073,Ron
50,668221241640230912, Smittens
51,668221241640230912,Bo
52,668237644992782336,Torque
53,668248472370458624,Bisquick
54,668256321989451776,Jareld
55,668268907921326080,Guss
56,668274247790391296,Sophie
57,668286279830867968,Rusty
58,668480044826800133,DayZ
59,668496999348633600,Jo
60,668528771708952576,Gòrdón
61,668537837512433665,Spark
62,668567822092664832,Marvin
63,668620235289837568,Kallie
64,668623201287675904,Jomathan
65,668625577880875008,Maks
66,668627278264475648,Timofy
67,668631377374486528,Zeek
68,668633411083464705,Churlie
69,668641109086707712,Hanz
70,668655139528511488,Winifred
71,668779399630725120,Kevon
72,668826086256599040,Banditt
73,668852170888998912,Bobb
74,668872652652679168,Amélie
75,668892474547511297,Ruffles
76,668902994700836864,Lambeau
77,668932921458302977,Herald
78,668960084974809088,Jaycob
79,668975677807423489,Jeremy
80,668979806671884288,Chaz
81,668986018524233728,Ruby
82,668989615043424256,Bernie
83,668992363537309700,Harrison
84,669000397445533696,Terrance
85,669006782128353280,Tucker
86,669037058363662336, Peaches
87,669037058363662336,Pancho
88,669203728096960512,Samsom
89,669214165781868544,Jaspers
90,669216679721873412,Clarq
91,669324657376567296,Ralf
92,669328503091937280,Kirk
93,669351434509529089,Sully
94,669353438988365824,Tessa
95,669354382627049472,Dug
96,669359674819481600,Saydee
97,669363888236994561,Zeus
98,669367896104181761,Chip
99,669371483794317312,Oliviér
100,669375718304980992,Billl
101,669393256313184256,Ronduh
102,669567591774625800,Kollin
103,669571471778410496,Keith
104,669573570759163904,Linda
105,669597912108789760,Skye
106,669625907762618368,Penny
107,669680153564442624,Shawwn
108,669682095984410625,Louie
109,669683899023405056,Kloey
110,669749430875258880,Clarence
111,669753178989142016,Chester
112,669942763794931712,Andru
113,669970042633789440,Julio
114,669993076832759809,Zoey
115,670003130994700288,Raphael
116,670046952931721218,Ben
117,670055038660800512,Tommy
118,670061506722140161,Liam
119,670069087419133954,Randall
120,670073503555706880,Winston
121,670079681849372674,Fabio
122,670093938074779648,Wally
123,670290420111441920,Sandra
124,670338931251150849,Butters
125,670374371102445568,Daisy
126,670385711116361728,Larry
127,670403879788544000,Nigel
128,670408998013820928,Peanut
129,670411370698022913,Scooter
130,670420569653809152,Damon
131,670421925039075328,Herb
132,670428280563085312,Willy
133,670433248821026816,Sam
134,670434127938719744,Hank
135,670442337873600512,Koda
136,670444955656130560,Paull
137,670468609693655041,Edd
138,670668383499735048,Phineas
139,670676092097810432,Bloo
140,670679630144274432,Pluto
141,670691627984359425,Ester
142,670704688707301377,Danny
143,670727704916926465,Jeffrie
144,670733412878163972,Jerry
145,670755717859713024,Gin
146,670764103623966721,Vincent
147,670780561024270336,Traviss
148,670786190031921152,Creg
149,670792680469889025,Antony
150,670797304698376195,Trigger
151,670804601705242624,Mason
152,670807719151067136,Andy
153,670811965569282048,Maggie
154,670815497391357952,Sage
155,670823764196741120,Remington
156,670832455012716544,Amy
157,670833812859932673,Jett
158,670840546554966016,Colby
159,671109016219725825,Toby
160,671115716440031232,Phred
161,671134062904504320,Clarence
162,671154572044468225,Holly
163,671159727754231808,Anthony
164,671166507850801152,Herm
165,671186162933985280,Sparky
166,671347597085433856,Lola
167,671355857343524864,Lou
168,671362598324076544,Tanner
169,671485057807351808,Penelope
170,671486386088865792,Malcolm
171,671488513339211776,Julius
172,671497587707535361,Pip
173,671504605491109889,Charlie
174,671511350426865664,Hammond
175,671518598289059840,Scruffers
176,671520732782923777,Alejandro
177,671528761649688577,Jax
178,671536543010570240,Reginald
179,671538301157904385,Baxter
180,671542985629241344,JD
181,671547767500775424,Marley
182,671735591348891648,Oscar
183,671763349865160704,Mark
184,671866342182637568,Dylan
185,671874878652489728,Mia
186,671879137494245376,Brad
187,671882082306625538,Batdog
188,671891728106971137,Mojo
189,671896809300709376,Lola
190,672068090318987265,Gizmo
191,672082170312290304,Patch
192,672095186491711488,Tuco
193,672160042234327040,Bubba
194,672169685991993344,Bradley
195,672205392827572224,Opal
196,672222792075620352,Cal
197,672239279297454080,Ridley
198,672245253877968896,Snickers
199,672254177670729728,Rolf
200,672264251789176834,Kreg
201,672272411274932228,Pippin
202,672466075045466113,Franq
203,672475084225949696,Buddy
204,672481316919734272,Jazz
205,672488522314567680,Jackie
206,672538107540070400,Darby
207,672591762242805761,Taz
208,672594978741354496,Scott
209,672609152938721280,Caryl
210,672614745925664768,Norman
211,672640509974827008,Leonidas
212,672828477930868736,Jerry
213,672834301050937345,Ed
214,672877615439593473,Oscar
215,672898206762672129,Cheryl
216,672902681409806336,Jimison
217,672964561327235073,Terry
218,672968025906282496,Gustaf
219,672970152493887488,Chet
220,672975131468300288,Chuckles
221,672988786805112832,Schnozz
222,672995267319328768,Pumpkin
223,672997845381865473,Kenzie
224,673148804208660480,Fletcher
225,673213039743795200,Dexter
226,673270968295534593,Mac
227,673295268553605120,Eve
228,673320132811366400,Frankie
229,673342308415348736,Django
230,673345638550134785,Gerald
231,673350198937153538,Bella
232,673355879178194945,Koda
233,673359818736984064,Steve
234,673583129559498752,Sandy
235,673612854080196609,Jeffri
236,673656262056419329,Albert
237,673662677122719744,Kendall
238,673680198160809984,Shnuggles
239,673686845050527744,George
240,673688752737402881,Larry
241,673697980713705472,Pickles
242,673705679337693185,Dot
243,673707060090052608,Raymond
244,673708611235921920,Riley
245,673919437611909120,Obie
246,674014384960745472,Aiden
247,674019345211760640,Acro
248,674036086168010753,Daisy
249,674038233588723717,Kaiya
250,674051556661161984,Lucy
251,674053186244734976,Stanley
252,674063288070742018,Earl
253,674075285688614912,Mitch
254,674255168825880576,Bobbay
255,674262580978937856,Gus
256,674265582246694913,Henry
257,674269164442398721,Bob
258,674291837063053312,Kenny
259,674318007229923329,Lennon
260,674372068062928900,Chesney
261,674394782723014656,Gary
262,674410619106390016,Lenny
263,674416750885273600,Jonah
264,674422304705744896,Ava
265,674436901579923456,Bailey
266,674468880899788800,Louis
267,674664755118911488,Rodman
268,674670581682434048,Jeb
269,674690135443775488,Patrick
270,674737130913071104,Rufio
271,674743008475090944,Sophie
272,674774481756377088,Superpup
273,674788554665512960,Maggie
274,674800520222154752,Tedders
275,675003128568291329,Laela
276,675006312288268288,Mollie
277,675015141583413248,Moe
278,675111688094527488,Oliver
279,675113801096802304,Zuzu
280,675135153782571009,Steven
281,675146535592706048,Coops
282,675166823650848770,Arnold
283,675362609739206656,Daisy
284,675497103322386432,Reggie
285,675522403582218240,Sammy
286,675531475945709568,Ellie
287,675707330206547968,Reggie
288,675710890956750848,Lenny
289,675781562965868544,Buddah
290,675798442703122432,Bernie
291,675845657354215424,Pepper
292,675891555769696257,Donny
293,676101918813499392,Striker
294,676146341966438401,Bert
295,676215927814406144,Herm
296,676219687039057920,Kenneth
297,676237365392908289,Winston
298,676430933382295552,Duke
299,676496375194980353,Griffin
300,676582956622721024,Vinnie
301,676588346097852417,Bubbles
302,676603393314578432,Godzilla
303,676811746707918848,Penny
304,676864501615042560,Ash
305,676948236477857792,Karl
306,676949632774234114,Tyrus
307,676975532580409345,Cooper
308,677228873407442944,Chuq
309,677301033169788928,Juckson
310,677314812125323265,Tassy
311,677328882937298944,Derek
312,677331501395156992,Humphrey
313,677530072887205888,Axel
314,677573743309385728,Sandy
315,677687604918272002,Cindy
316,677698403548192770,Sadie
317,677700003327029250,Ralph
318,677961670166224897,Izzy
319,678021115718029313,Reese
320,678255464182861824,Jessifer
321,678334497360859136,Rosie
322,678380236862578688,Crumpet
323,678389028614488064,Bella
324,678410210315247616,Jerome
325,678424312106393600,Crystal
326,678643457146150913,Grizz
327,678740035362037760,Tango
328,678755239630127104,Dash
329,678764513869611008,Wilson
330,678767140346941444,Mia
331,678774928607469569,Tug
332,678798276842360832,Linda
333,678969228704284672,Lola
334,679001094530465792,Rascal
335,679062614270468097,Chompsky
336,679132435750195208,Louis
337,679158373988876288,Rubio
338,679462823135686656,Hurley
339,679475951516934144,Evy
340,679503373272485890,Dwight
341,679511351870550016,William
342,679722016581222400,Mike
343,679729593985699840,Hunter
344,679736210798047232,Sabertooth
345,679777920601223168,Rinna
346,679844490799091713,Willie
347,679854723806179328,Bruce
348,679872969355714560,Rocco
349,679877062409191424,Penelope
350,680055455951884288,Sammy
351,680070545539371008,Emmie
352,680115823365742593,Ozzy
353,680130881361686529,Reggie
354,680145970311643136,Kawhi
355,680161097740095489,Goliath
356,680206703334408192,Toby
357,680221482581123072,CeCe
358,680473011644985345,Hector
359,680497766108381184,Percy
360,680583894916304897,Penny
361,680609293079592961,Brody
362,680798457301471234,Moofasa
363,680836378243002368,Ellie
364,680889648562991104,Cheesy
365,680913438424612864,Griswold
366,680934982542561280,Sadie
367,680940246314430465,Alice
368,680959110691590145,Ozzie
369,681193455364796417,Aspen
370,681242418453299201,Champ
371,681261549936340994,Panda
372,681281657291280384,Sarge
373,681302363064414209,Chuck
374,681320187870711809,Glacier
375,681339448655802368,Asher
376,681523177663676416,Carly
377,681579835668455424,Apollo
378,681654059175129088,Toffee
379,681694085539872773,Bo
380,681891461017812993,Charlie
381,681981167097122816,Jimothy
382,682032003584274432,Ulysses
383,682059653698686977,Tess
384,682242692827447297,Samson
385,682259524040966145,Jax
386,682303737705140231,Todo
387,682389078323662849,Brody
388,682393905736888321,Kreg
389,682406705142087680,Patrick
390,682662431982772225,Joey
391,682750546109968385,Taco
392,682962037429899265,Darrel
393,683030066213818368,Lulu
394,683111407806746624,Larry
395,683142553609318400,Brandy
396,683391852557561860,Jack
397,683481228088049664,Banjo
398,683498322573824003,Griffin
399,683742671509258241,Sebastian
400,683773439333797890,Buddy
401,683849932751646720,Jiminy
402,683852578183077888,Tiger
403,683857920510050305,Sadie
404,684097758874210310,Lupe
405,684147889187209216,Sweets
406,684177701129875456,Kulet
407,684195085588783105,Tino
408,684241637099323392,Obi
409,684460069371654144,Jeph
410,684481074559381504,Pippa
411,684567543613382656,Bobby
412,684800227459624960,Theodore
413,684902183876321280,Perry
414,684926975086034944,Bruiser
415,684940049151070208,Oreo
416,684959798585110529,Jerry
417,685169283572338688,Gerbald
418,685198997565345792,Alfie
419,685268753634967552,Hubertson
420,685307451701334016,Petrick
421,685321586178670592,Rocky
422,685641971164143616,Otis
423,685663452032069632,Brooks
424,685667379192414208,Marty
425,685906723014619143,Olive
426,685973236358713344,Lorelei
427,686003207160610816,Hammond
428,686050296934563840,Flávio
429,686377065986265092,Birf
430,686386521809772549,Crimson
431,686606069955735556,Horace
432,686618349602762752,Olivia
433,686683045143953408,Mona
434,686947101016735744,Jackson
435,687109925361856513,Baxter
436,687124485711986689,Samson
437,687127927494963200,Gordon
438,687317306314240000,Tyrone
439,687399393394311168,Barry
440,687460506001633280,Kramer
441,687476254459715584,Curtis
442,687494652870668288,Marq
443,687664829264453632,Opal
444,687704180304273409,Blakely
445,687732144991551489,Ember
446,687807801670897665,Trooper
447,687826841265172480,Louis
448,688064179421470721,Kilo
449,688179443353796608,Lizzie
450,688211956440801280,Derby
451,688385280030670848,Louis
452,688547210804498433,Frönq
453,688789766343622656,Pubert
454,688828561667567616,Brad
455,688894073864884227,Hamrick
456,688908934925697024,Clarence
457,689143371370250240,Trip
458,689255633275777024,Ferg
459,689275259254616065,Lucky
460,689280876073582592,Herald
461,689283819090870273,Chipson
462,689517482558820352,Carl
463,689623661272240129,Lucy
464,689659372465688576,Ricky
465,689661964914655233,Luca
466,689835978131935233,Fynn
467,689877686181715968,Durg
468,689905486972461056,Gizmo
469,689999384604450816,Covach
470,690021994562220032,Geoff
471,690248561355657216,Maxwell
472,690348396616552449,Oddie
473,690374419777196032,Phred
474,690400367696297985,Eriq
475,690597161306841088,Lolo
476,690649993829576704,Hazel
477,690690673629138944,Cedrick
478,690728923253055490,Vinscent
479,690735892932222976,Peaches
480,690932576555528194,Buddy
481,691321916024623104,Molly
482,691444869282295808,Bailey
483,691459709405118465,Leo
484,691675652215414786,Richie
485,691820333922455552,Brockly
486,692017291282812928,Kingsley
487,692041934689402880,Teddy
488,692142790915014657,Teddy
489,692158366030913536,Edgar
490,692417313023332352,Herschel
491,692530551048294401,Cody
492,692535307825213440,Amber
493,692568918515392513,Chester
494,692894228850999298,Tupawc
495,692905862751522816,Wally
496,693095443459342336,Milo
497,693155686491000832,Dunkin
498,693231807727280129,Bodie
499,693267061318012928,Oscar
500,693280720173801472,Sadie
501,693486665285931008,Lincoln
502,693590843962331137,Phil
503,693642232151285760,Freddery
504,693942351086120961,Kobe
505,694001791655137281,Chester
506,694183373896572928,Lola
507,694329668942569472,Grady
508,694352839993344000,Oliviér
509,694669722378485760,Phil
510,694905863685980160,Archie
511,695051054296211456,Brian
512,695074328191332352,Lorenzo
513,695314793360662529,Colin
514,695409464418041856,Bob
515,695629776980148225,Calvin
516,695794761660297217,Wyatt
517,696405997980676096,Berb
518,696713835009417216,Trevith
519,696744641916489729,Klevin
520,696754882863349760,Reptar
521,696877980375769088,Misty
522,696900204696625153,Rosie
523,697242256848379904,Oakley
524,697255105972801536,Charlie
525,697270446429966336,Bentley
526,697482927769255936,Blipson
527,697516214579523584,Pherb
528,697575480820686848,Ole
529,697881462549430272,Carter
530,697943111201378304,Cassie
531,697990423684476929,Doug
532,698178924120031232,Lily
533,698195409219559425,Beau
534,698262614669991936,Franklin
535,698342080612007937,Maximus
536,698355670425473025,Jessiga
537,698549713696649216,Claude
538,698703483621523456,Rusty
539,698710712454139905,Cuddles
540,698953797952008193,CeCe
541,698989035503689728,Oliver
542,699060279947165696,Yukon
543,699079609774645248,Reagan
544,699088579889332224,Charl
545,699370870310113280,Calbert
546,699413908797464576,Miley
547,699446877801091073,Archie
548,699691744225525762,Dave
549,699775878809702401,Fillup
550,699788877217865730,Nala
551,699801817392291840,Cooper
552,700002074055016451,Thumas
553,700029284593901568,Coops
554,700062718104104960,Eazy
555,700167517596164096,Dotsy
556,700462010979500032,Murphy
557,700505138482569216,Kaia
558,700518061187723268,Vincent
559,700796979434098688,Daniel
560,700847567345688576,Crouton
561,700890391244103680,Chet
562,701545186879471618,Millie
563,701570477911896070,Yoda
564,701601587219795968,Coopson
565,701889187134500865,Bilbo
566,701952816642965504,Rilo
567,701981390485725185,Fiji
568,702332542343577600,Rudy
569,702598099714314240,Sansa
570,702671118226825216,Rambo
571,702684942141153280,Lucy
572,702899151802126337,Luna
573,702932127499816960,Chip
574,703356393781329922,Socks
575,703382836347330562,Charlie
576,703611486317502464,Scooter
577,703631701117943808,Bella
578,704113298707505153,Stanley
579,704347321748819968,Ralphson
580,704364645503647744,Bisquick
581,704480331685040129,Lucia
582,704819833553219584,Chesterson
583,705066031337840642,Reese
584,705102439679201280,Terrenth
585,705223444686888960,Bode
586,705239209544720384,Jimothy
587,705428427625635840,Ambrose
588,705442520700944385,Cooper
589,705475953783398401,Zara
590,705898680587526145,Max
591,705970349788291072,Lucy
592,705975130514706432,Adele
593,706153300320784384,Layla
594,706166467411222528,Dexter
595,706265994973601792,Kara
596,706346369204748288,Koda
597,706538006853918722,Oliver
598,706644897839910912,Shadow
599,706681918348251136,Katie
600,706901761596989440,Elliot
601,707014260413456384,Ellie
602,707021089608753152,Tucker
603,707038192327901184,Kathmandu
604,707059547140169728,Cupcake
605,707297311098011648,Cassie
606,707315916783140866,Finnegus
607,707387676719185920,Clarkus
608,707420581654872064,Keurig
609,707610948723478529,Harper
610,707693576495472641,Jiminus
611,707776935007539200,Sadie
612,707969809498152960,Rufus
613,707995814724026368,Farfle
614,708109389455101952,Remington
615,708119489313951744,Cooper
616,708149363256774660,Jebberson
617,708349470027751425,River
618,708356463048204288,Oliver
619,708469915515297792,Bobble
620,708479650088034305,Bear
621,708711088997666817,Smokey
622,708738143638450176,Coco
623,708810915978854401,Mister
624,708834316713893888,Malikai
625,708853462201716736,Lucy
626,709042156699303936,Klevin
627,709158332880297985,Rodney
628,709179584944730112,Sammy
629,709207347839836162,Penny
630,709225125749587968,Walker
631,709409458133323776,Billy
632,709449600415961088,Karma
633,709519240576036864,Vince
634,709556954897764353,Cecil
635,709566166965075968,Olaf
636,709918798883774466,Watson
637,710140971284037632,Tater
638,710153181850935296,Lacy
639,710283270106132480,Gunner
640,710296729921429505,Oshie
641,710588934686908417,Beemo
642,710833117892898816,Sora
643,710844581445812225,Staniel
644,710997087345876993,Milo
645,711008018775851008,Chuckles
646,711652651650457602,Gary
647,711743778164514816,Roosevelt
648,711968124745228288,Winston
649,712065007010385924,Chester
650,712085617388212225,Olive
651,712092745624633345,Steven
652,712438159032893441,Kane
653,712668654853337088,Sunny
654,712809025985978368,Stubert
655,713175907180089344,Opie
656,713177543487135744,Lance
657,713761197720473600,Piper
658,713909862279876608,Doug
659,713919462244790272,Kanu
660,714251586676113411,Thumas
661,714258258790387713,Travis
662,714485234495041536,Blitz
663,714631576617938945,Benedict
664,714957620017307648,Curtis
665,714982300363173890,Calbert
666,715009755312439296,Siba
667,715200624753819648,Michelangelope
668,715220193576927233,Nico
669,715342466308784130,Oscar
670,715360349751484417,Bertson
671,715680795826982913,Zeus
672,715696743237730304,Toby
673,715704790270025728,Bentley
674,715928423106027520,Bubbles
675,716285507865542656,Stephanus
676,716439118184652801,Bluebert
677,716447146686459905,Ozzy
678,716791146589110272,Jennifur
679,716802964044845056,Link
680,717009362452090881,Smokey
681,717047459982213120,Flávio
682,717421804990701568,Ebby
683,717428917016076293,Skittle
684,717841801130979328,Barclay
685,718234618122661888,Suki
686,718246886998687744,Alexanderson
687,718460005985447936,Bowie
688,718613305783398402,Carper
689,718939241951195136,Otis
690,718971898235854848,Sadie
691,719332531645071360,Pippa
692,719339463458033665,Lucy
693,719367763014393856,Sid
694,719551379208073216,Harnold
695,719704490224398336,Clyde
696,720043174954147842,Neptune
697,720059472081784833,Charleson
698,720340705894408192,Derek
699,720389942216527872,Ralphé
700,720775346191278080,Berkeley
701,720785406564900865,Archie
702,721001180231503872,Oliver
703,721503162398597120,Panda
704,722613351520608256,Schnitzel
705,723179728551723008,Jangle
706,723673163800948736,Ivar
707,723688335806480385,Reginald
708,723912936180330496,Sugar
709,724004602748780546,Luther
710,724046343203856385,Sarge
711,724049859469295616,Kreggory
712,724405726123311104,Ashleigh
713,724983749226668032,Fred
714,725729321944506368,Lola
715,725786712245440512,Lillie
716,725842289046749185,Colby
717,726828223124897792,Bloop
718,726887082820554753,Blitz
719,726935089318363137,Sprout
720,727175381690781696,Karll
721,727685679342333952,Cilantro
722,728015554473250816,Rueben
723,728046963732717569,Raymond
724,728387165835677696,Enchilada
725,728409960103686147,Wallace
726,728653952833728512,Coleman
727,728751179681943552,Flurpson
728,728986383096946689,Puff
729,729463711119904772,Pupcasso
730,729823566028484608,Stefan
731,729854734790754305,Ollie
732,730196704625098752,Charles
733,730211855403241472,Ziva
734,730427201120833536,Crystal
735,730573383004487680,Rooney
736,731285275100512256,Solomon
737,732005617171337216,Larry
738,732375214819057664,Kyle
739,732726085725589504,Aldrick
740,732732193018155009,Ralpher
741,733460102733135873,Hermione
742,733822306246479872,Moose
743,733828123016450049,Terry
744,734776360183431168,Livvie
745,734912297295085568,Jax
746,735137028879360001,Buckley
747,735256018284875776,Kellogg
748,735635087207878657,Dakota
749,735991953473572864,Maxaroni
750,736365877722001409,Rory
751,736736130620620800,Chadrick
752,737322739594330112,Lily
753,737800304142471168,Bella
754,737826014890496000,Remy
755,738156290900254721,Storkson
756,738166403467907072,Axel
757,738537504001953792,Bayley
758,738885046782832640,Charles
759,739485634323156992,Kyle
760,739606147276148736,Benji
761,739844404073074688,Simba
762,739932936087216128,Rorie
763,739979191639244800,Nollie
764,740359016048689152,Chase
765,740373189193256964,Bretagne
766,740676976021798912,Baloo
767,740699697422163968,Chip
768,740995100998766593,Leo
769,741099773336379392,Ted
770,741303864243200000,Theodore
771,741438259667034112,Tucker
772,741743634094141440,Aqua
773,742150209887731712,Edmund
774,742161199639494656,Doug
775,742385895052087300,Phil
776,742423170473463808,Bell
777,742528092657332225,Maxaroni
778,743210557239623680,Kayla
779,743253157753532416,Kilo
780,743510151680958465,Beya
781,743545585370791937,Bentley
782,743595368194129920,Harold
783,743609206067040256,Stark
784,743980027717509120,Geno
785,744334592493166593,Blanket
786,744709971296780288,Harvey
787,744971049620602880,Indie
788,744995568523612160,Abby
789,745057283344719872,Oliver
790,745074613265149952,Jeffrey
791,745314880350101504,Sugar
792,745433870967832576,Lenox
793,745712589599014916,Percy
794,745789745784041472,Gus
795,746056683365994496,Arlen
796,746131877086527488,Gustav
797,746507379341139972,Shiloh
798,746726898085036033,Abby
799,746757706116112384,Maddie
800,747204161125646336,Clark
801,747219827526344708,Atticus
802,747439450712596480,Linus
803,747600769478692864,Bookstore
804,747648653817413632,Keurig
805,747844099428986880,Huxley
806,748324050481647620,Duke
807,748568946752774144,Cora
808,748699167502000129,Tripp
809,748932637671223296,Divine
810,749036806121881602,Dietrich
811,749064354620928000,Winston
812,749075273010798592,Boomer
813,749317047558017024,Blu
814,749395845976588288,George
815,749417653287129088,Finn
816,749774190421639168,Lucy
817,749981277374128128,Atticus
818,749996283729883136,Bo
819,750011400160841729,Piper
820,750026558547456000,Jax
821,750041628174217216,Beau
822,750056684286914561,Jameson
823,750086836815486976,Spanky
824,750101899009982464,Lilah
825,750117059602808832,Calvin
826,750132105863102464,Stewie
827,750383411068534784,Zoe
828,750429297815552001,Arnie
829,750506206503038976,Malcolm
830,750719632563142656,Meyer
831,750868782890057730,Milo
832,751132876104687617,Cooper
833,751251247299190784,Gilbert
834,751538714308972544,Max
835,751598357617971201,Toby
836,751793661361422336,Fred
837,751830394383790080,Tucker
838,751937170840121344,Ruby
839,751950017322246144,Lola
840,752173152931807232,Brody
841,752917284578922496,Grizzie
842,752932432744185856,Carl
843,753026973505581056,Tayzie
844,753294487569522689,Ace
845,753375668877008896,Hank
846,753398408988139520,Scout
847,754011816964026368,Charlie
848,754449512966619136,Dex
849,754482103782404096,Milo
850,754747087846248448,Keith
851,754856583969079297,Winnie
852,755110668769038337,Watson
853,756651752796094464,Gert
854,756939218950160384,Jax
855,756998049151549440,Oliver
856,757354760399941633,Devón
857,757611664640446465,Cooper
858,757725642876129280,Beckham
859,757741869644341248,Leonard
860,758041019896193024,Teagan
861,758355060040593408,Corey
862,758405701903519748,Odie
863,758474966123810816,Brandonald
864,758740312047005698,Boston
865,758854675097526272,Lilli
866,759047813560868866,Spencer
867,759099523532779520,Toby
868,759197388317847553,Luna
869,759447681597108224,Oakley
870,759557299618865152,Emma
871,759793422261743616, Lila
872,759793422261743616,Maggie
873,759846353224826880,Kirby
874,760190180481531904,Sadie
875,760252756032651264,Fido
876,760290219849637889,Rocco
877,760539183865880579,Atlas
878,760641137271070720,Theo
879,760656994973933572,Rose
880,760893934457552897,Wishes
881,761004547850530816,Bo
882,761227390836215808,Albert
883,761292947749015552,Bonaparte
884,761334018830917632,Bruce
885,761599872357261312,Sephie
886,761976711479193600,Shelby
887,762316489655476224,Scout
888,762464539388485633,Buddy
889,762471784394268675,Glenn
890,762699858130116608,Leela
891,763103485927849985,Belle
892,763183847194451968,Clark
893,763837565564780549,Alfie
894,764259802650378240,Kota
895,764857477905154048,Aubie
896,765222098633691136,Gromit
897,765371061932261376,Louie
898,765669560888528897,Tove
899,765719909049503744,Brat
900,766008592277377025,Angel
901,766069199026450432,Juno
902,766313316352462849,Oscar
903,766423258543644672,Shadoe
904,766693177336135680,Brudge
905,766793450729734144,Rufus
906,767122157629476866,Rupert
907,767500508068192258,Louie
908,767754930266464257,Philbert
909,767884188863397888,Tito
910,768193404517830656,Gerald
911,768473857036525572,Chevy
912,768596291618299904,Oakley
913,768609597686943744,Lou
914,768855141948723200,Jesse
915,768970937022709760,Kirby
916,769212283578875904,DonDon
917,769695466921623552,Titan
918,769940425801170949,Klein
919,770069151037685760,Carbon
920,770293558247038976,Jackson
921,770414278348247044,Al
922,770772759874076672,Sebastian
923,770787852854652928,Winston
924,771102124360998913,Charlie
925,771136648247640064,Dixie
926,771380798096281600,Fizz
927,771500966810099713,Dakota
928,771770456517009408,Davey
929,772102971039580160,Penny
930,772114945936949249,Finn
931,772117678702071809,Jack
932,772193107915964416,Willem
933,772826264096874500,Roosevelt
934,773191612633579521,Grey
935,773247561583001600,Chip
936,773308824254029826,Bungalo
937,773547596996571136,Chelsea
938,773670353721753600,Shakespeare
939,773704687002451968,Loki
940,773922284943896577,Heinrich
941,773985732834758656,Winnie
942,774639387460112384,Sprinkles
943,774757898236878852,Finley
944,775085132600442880,Tucker
945,775350846108426240,Maximus
946,775364825476165632,Finley
947,775733305207554048,Anakin
948,775842724423557120,Blue
949,776113305656188928,Sampson
950,776201521193218049,O
951,776477788987613185,Huck
952,776813020089548800,Solomon
953,777189768882946048,Jeffrey
954,777621514455814149,Derek
955,777885040357281792,Wesley
956,778027034220126208,Sophie
957,778039087836069888,Max
958,778286810187399168,Stanley
959,778383385161035776,Nala
960,778624900596654080,Penny
961,778650543019483137,Strider
962,778748913645780993,Mya
963,778990705243029504,Jay
964,779123168116150273,Reggie
965,779834332596887552,Scout
966,780459368902959104,Bear
967,780601303617732608,Hercules
968,780800785462489090,Koda
969,780858289093574656,Dash
970,781251288990355457,Oakley
971,781655249211752448,Combo
972,781955203444699136,Chipson
973,782305867769217024,Sampson
974,782598640137187329,Timmy
975,782722598790725632,Penny
976,782747134529531904,Deacon
977,782969140009107456,Cali
978,783085703974514689,Earl
979,783334639985389568,Dave
980,783391753726550016,Godi
981,783466772167098368,Finn
982,783695101801398276,Loomis
983,783821107061198850,Mairi
984,783839966405230592,Riley
985,784057939640352768,Balto
986,784183165795655680,Reginald
987,784431430411685888,Stormy
988,784517518371221505,Frankie
989,784826020293709826,Rusty
990,785170936622350336,Hero
991,785264754247995392,Doc
992,785533386513321988,Dallas
993,785639753186217984,Pinot
994,785872687017132033,Rusty
995,785927819176054784,Lucy
996,786233965241827333,Mattie
997,786286427768250368,Arnie
998,786363235746385920,Rizzo
999,786595970293370880,Dale
1000,786709082849828864,Logan
1001,786963064373534720,Rory
1002,787322443945877504,Lincoln
1003,787397959788929025,Moose
1004,787717603741622272,Tonks
1005,787810552592695296,Frank
1006,788150585577050112,Leo
1007,788412144018661376,Dexter
1008,788765914992902144,Butter
1009,788908386943430656,Lucy
1010,789137962068021249,Bo
1011,789268448748703744,Stella
1012,789530877013393408,Rizzy
1013,789599242079838210,Brownie
1014,789628658055020548,Eli
1015,789903600034189313,Ralphy
1016,789986466051088384,Happy
1017,790277117346975746,Bruce
1018,790337589677002753,Maggie
1019,790581949425475584,Duke
1020,790698755171364864,Mosby
1021,790946055508652032,Betty
1022,790987426131050500,Misty
1023,791312159183634433,Mabel
1024,791406955684368384,Levi
1025,792050063153438720,Remus
1026,792394556390137856,BeBe
1027,792773781206999040,Monster
1028,792883833364439040,Bailey
1029,793120401413079041,Robin
1030,793150605191548928,Nida
1031,793165685325201412,Benji
1032,793180763617361921,Newt
1033,793195938047070209,Lily
1034,793210959003287553,Maude
1035,793226087023144960,Juno
1036,793241302385262592,Tucker
1037,793271401113350145,Dave
1038,793286476301799424,Moreton
1039,793500921481273345,Fiona
1040,793601777308463104,Dobby
1041,793845145112371200,Clark
1042,793962221541933056,Maximus
1043,794205286408003585,Laika
1044,794332329137291264,Nimbus
1045,794926597468000259,Mack
1046,795076730285391872,Bailey
1047,795400264262053889,Brody
1048,796031486298386433,Daisy
1049,796080075804475393,Yogi
1050,796149749086875649,Ruby
1051,796387464403357696,Snicku
1052,796759840936919040,Romeo
1053,796865951799083009,Tyr
1054,797236660651966464,Pancake
1055,797545162159308800,Cassie
1056,798209839306514432,Cooper
1057,798925684722855936,Shadow
1058,798933969379225600,Iroh
1059,799063482566066176,Mister
1060,799297110730567681,Jeffrey
1061,799422933579902976,Longfellow
1062,799757965289017345,Sobe
1063,800141422401830912,Peaches
1064,800388270626521089,Doc
1065,800513324630806528,Chef
1066,800751577355128832,Mauve
1067,801115127852503040,Bones
1068,801167903437357056,Milo
1069,801538201127157760,Wallace
1070,801958328846974976,Ronnie
1071,802239329049477120,Loki
1072,802323869084381190,Severus
1073,802572683846291456,Winnie
1074,802600418706604034,Bailey
1075,802952499103731712,Marley
1076,803276597545603072,Winston
1077,803380650405482500,Sonny
1078,803773340896923648,Diogi
1079,804026241225523202,Bo
1080,804738756058218496,Django
1081,805207613751304193,Shooter
1082,805487436403003392,Sansa
1083,805520635690676224,Zeke
1084,805826884734976000,Duke
1085,805932879469572096,Major
1086,806542213899489280,Waffles
1087,807010152071229440,Lennon
1088,807106840509214720,Stephan
1089,807621403335917568,Ollie
1090,808001312164028416,Cooper
1091,808106460588765185, Dexter
1092,808106460588765185,Burke
1093,808344865868283904,Seamus
1094,808501579447930884,Koda
1095,808838249661788160,Ito
1096,809084759137812480,Wallace
1097,809220051211603969,Kyro
1098,810254108431155201,Gus
1099,810284430598270976,Phil
1100,810657578271330305,Pavlov
1101,810896069567610880,Hunter
1102,810984652412424192,Sam
1103,811386762094317568,Craig
1104,811627233043480576,Augie
1105,811744202451197953,Halo
1106,811985624773361665,Ted
1107,812372279581671427,Moe
1108,812466873996607488,Mary
1109,812709060537683968,Brandi
1110,812781120811126785,Swagger
1111,813051746834595840,Bauer
1112,813066809284972545,Tyr
1113,813081950185472002,Baron
1114,813096984823349248,Rocky
1115,813112105746448384,Toby
1116,813157409116065792,Layla
1117,813172488309972993,Eleanor
1118,813217897535406080,Atlas
1119,813800681631023104,Sky
1120,813812741911748608,Gary
1121,813910438903693312,Chubbs
1122,814153002265309185,Oshie
1123,814530161257443328,Alf
1124,814638523311648768,Olivia
1125,814986499976527872,Cooper
1126,815639385530101762,Titan
1127,815736392542261248,Akumi
1128,815990720817401858,Jack
1129,816091915477250048,Comet
1130,816336735214911488,Dudley
1131,816450570814898180,Moose
1132,816697700272001025,Binky
1133,816816676327063552,Timber
1134,817056546584727552,Chloe
1135,817171292965273600,Tebow
1136,817415592588222464,Strudel
1137,817423860136083457,Ken
1138,817536400337801217,Eugene
1139,817777686764523521,Dido
1140,817827839487737858,Buddy
1141,818145370475810820,Autumn
1142,818259473185828864,Florence
1143,818536468981415936,Tom
1144,818614493328580609,Bear
1145,818627210458333184,Wafer
1146,819004803107983360,Bo
1147,819006400881917954,Sunny
1148,819227688460238848,Finn
1149,819347104292290561,Anna
1150,819588359383371776,Jazzy
1151,819711362133872643,Howie
1152,819952236453363712,Oliver
1153,820749716845686786,Sunny
1154,821044531881721856,Flash
1155,821149554670182400,Luca
1156,821407182352777218,Sundance
1157,821522889702862852,Harlso
1158,821765923262631936,Duchess
1159,821886076407029760,Jimison
1160,822462944365645825,Gabe
1161,822489057087389700,Paisley
1162,822859134160621569,Hobbes
1163,822975315408461824,Albus
1164,823322678127919110,Wyatt
1165,823581115634085888,Crawford
1166,823699002998870016,Winston
1167,823939628516474880,Cash
1168,824297048279236611,Nala
1169,824663926340194305,Wilson
1170,824775126675836928,Scooter
1171,825026590719483904,Pablo
1172,825147591692263424,Sweet
1173,825829644528148480,Toby
1174,825876512159186944,Mo
1175,826115272272650244,Ike
1176,826204788643753985,Dew
1177,826476773533745153,Pilot
1178,826598365270007810,Pawnd
1179,826848821049180160,Cupid
1180,826958653328592898,Loki
1181,827199976799354881,Charlie
1182,827324948884643840,Ralphie
1183,827600520311402496,Tucker
1184,827653905312006145,Boots
1185,827933404142436356,Kona
1186,828011680017821696,Brutus
1187,828046555563323392,Sailer
1188,828372645993398273,Alexander
1189,828376505180889089,Beebop
1190,828381636999917570,Doobert
1191,828408677031882754,Bear
1192,828409743546925057,Mutt
1193,828708714936930305,Fiona
1194,828770345708580865,Alfie
1195,829011960981237760,Dexter
1196,829141528400556032,Malcolm
1197,829374341691346946,Astrid
1198,829501995190984704,Leo
1199,829861396166877184,Mia
1200,830097400375152640,Samson
1201,830583320585068544,Lilly
1202,830956169170665475,Reggie
1203,831262627380748289,Tucker
1204,831309418084069378,Scooter
1205,831322785565769729,Pete
1206,831552930092285952,Dutch
1207,831650051525054464,Blue
1208,831670449226514432,Daisy
1209,831911600680497154,Kuyu
1210,831939777352105988,Emanuel
1211,832032802820481025,Miguel
1212,832273440279240704,Smiley
1213,832369877331693569,Charlie
1214,832397543355072512,Eevee
1215,832636094638288896,Orion
1216,832757312314028032,Willow
1217,832998151111966721,Rhino
1218,833124694597443584,Gidget
1219,833479644947025920,Poppy
1220,833722901757046785,Bronte
1221,833826103416520705,Charlie
1222,833863086058651648,Bentley
1223,834086379323871233,Lipton
1224,834167344700198914,Sunshine
1225,834209720923721728,Wilson
1226,834458053273591808,Chester
1227,834786237630337024,Tobi
1228,834931633769889797,Tucker
1229,835264098648616962,Lola
1230,835297930240217089,Ash
1231,835574547218894849,Eli
1232,836001077879255040,Atlas
1233,836260088725786625,Lucy
1234,836380477523124226,Ava
1235,836677758902222849,Oliver
1236,836753516572119041,Meera
1237,836989968035819520,Mookie
1238,837110210464448512,Clark
1239,837366284874571778,Lucy
1240,837471256429613056,Vincent
1241,837482249356513284,Waffles
1242,838083903487373313,Daisy
1243,838476387338051585,Stanley
1244,838561493054533637,Walter
1245,838921590096166913,Arlo
1246,839239871831150596,Odie
1247,839549326359670784,Winston
1248,839990271299457024,Sojourner
1249,840268004936019968,Monty
1250,840632337062862849,Maddie
1251,841077006473256960,Dawn
1252,841314665196081154,Max
1253,841680585030541313,Penny
1254,842115215311396866,Bentley
1255,842163532590374912,George
1256,842535590457499648,Winnie
1257,842765311967449089,Indie
1258,842846295480000512,Charlie
1259,843235543001513987,Tycho
1260,843604394117681152,Hank
1261,843856843873095681,Sadie
1262,844223788422217728,Margo
1263,844580511645339650,Charlie
1264,844704788403113984,Luna
1265,844973813909606400,Brady
1266,844979544864018432,Toby
1267,845306882940190720,Pickles
1268,845397057150107648,Mimosa
1269,846042936437604353,Jarvis
1270,846153765933735936,Vixen
1271,846514051647705089,Barney
1272,846874817362120707,Tuck
1273,847157206088847362,Daisy
1274,847251039262605312,Furzey
1275,847606175596138505,Cannon
1276,847842811428974592,Rontu
1277,847962785489326080,Georgie
1278,848212111729840128,Jerry
1279,848324959059550208,Odin
1280,849051919805034497,Kevin
1281,849412302885593088,Noosh
1282,850019790995546112,Boomer
1283,850145622816686080,Riley
1284,850380195714523136,Leo
1285,850753642995093505,Kyle
1286,851224888060895234,Snoop
1287,851464819735769094,Iggy
1288,852189679701164033,Sailor
1289,852226086759018497,General
1290,852311364735569921,Wiggles
1291,852553447878664193,Jarod
1292,852672615818899456,Aspen
1293,852912242202992640,Benny
1294,853299958564483072,Rumpole
1295,853760880890318849,Alice
1296,854365224396361728,Einstein
1297,854482394044301312,Arya
1298,854732716440526848,Marlee
1299,856282028240666624,Cermet
1300,856526610513747968,Charlie
1301,856543823941562368,Callie
1302,857029823797047296,Zeke
1303,857263160327368704,Oscar
1304,857393404942143489,Meeko
1305,857746408056729600,Thor
1306,857989990357356544,Rosie
1307,858107933456039936,Wyatt
1308,858471635011153920,Sophie
1309,859607811541651456,Zoey
1310,859851578198683649,Trooper
1311,859924526012018688,Milky
1312,860276583193509888,Jordy
1313,860524505164394496,Carl
1314,860563773140209665,Lorenzo
1315,861005113778896900,Burt
1316,861288531465048066,Boomer
1317,861383897657036800,Hobbes
1318,862457590147678208,Jersey
1319,862722525377298433,Dave
1320,862831371563274240,Zooey
1321,863062471531167744,Quinn
1322,863079547188785154,Pipsy
1323,863432100342583297,Belle
1324,863553081350529029,Neptune
1325,863907417377173506,Albus
1326,864197398364647424,Paisley
1327,864279568663928832,Meatball
1328,865006731092295680,Nelly
1329,865359393868664832,Sammy
1330,865718153858494464,Boomer
1331,866334964761202691,Coco
1332,866450705531457537,Jamesy
1333,866686824827068416,Lili
1334,867421006826221569,Shikha
1335,867774946302451713,Harold
1336,868552278524837888,Cooper
1337,868880397819494401,Walter
1338,869227993411051520,Gizmo
1339,869596645499047938,Scout
1340,869702957897576449,Stanley
1341,869772420881756160,Dewey
1342,870063196459192321,Clifford
1343,870308999962521604,Rumble
1344,870374049280663552,Zoey
1345,870656317836468226,Cody
1346,871032628920680449,Boomer
1347,871515927908634625,Napolean
1348,871762521631449091,Rover
1349,871879754684805121,Lassie
1350,872122724285648897,Kody
1351,872261713294495745,Harry
1352,872620804844003328,Monkey
1353,873213775632977920,Sierra
1354,874012996292530176,Sebastian
1355,874296783580663808,Jed
1356,874680097055178752,Cash
1357,875144289856114688,Nugget
1358,875747767867523072,Goose
1359,876120275196170240,Venti
1360,876484053909872640,Benedict
1361,876838120628539392,Ginger
1362,877201837425926144,Nelly
1363,877316821321428993,Dante
1364,877556246731214848,Penny
1365,877736472329191424,Aja
1366,878057613040115712,Emmy
1367,878281511006478336,Shadow
1368,878604707211726852,Martha
1369,878776093423087618,Snoopy
1370,879008229531029506,Beau
1371,879050749262655488,Steven
1372,879376492567855104,Jack
1373,879415818425184262,Duddles
1374,879492040517615616,Bailey
1375,879862464715927552,Romeo
1376,880221127280381952,Jesse
1377,880465832366813184,Bella
1378,880935762899988482,Louis
1379,881268444196462592,Elliot
1380,881666595344535552,Gary
1381,881906580714921986,Rey
1382,882045870035918850,Koko
1383,882268110199369728,Alfy
1384,882627270321602560,Stanley
1385,882762694511734784,Gus
1386,882992080364220416,Rusty
1387,883360690899218434,Grizzwald
1388,883482846933004288,Bella
1389,883838122936631299,Noah
1390,884162670584377345,Yogi
1391,884562892145688576,Kevin
1392,884876753390489601,Lola
1393,884925521741709313,Earl
1394,885518971528720385,Howard
1395,885528943205470208,Maisey
1396,885984800019947520,Jimbo
1397,886258384151887873,Waffles
1398,886366144734445568,Roscoe
1399,886680336477933568,Derek
1400,886736880519319552,Mingus
1401,886983233522544640,Maya
1402,887473957103951883,Canela
1403,887705289381826560,Jeffrey
1404,888078434458587136,Gerald
1405,888554962724278272,Ralphus
1406,888804989199671297,Zeke
1407,888917238123831296,Jim
1408,889278841981685760,Oliver
1409,889531135344209921,Stuart
1410,889638837579907072,Ted
1411,889880896479866881,Bruno
1412,890006608113172480,Koda
1413,890240255349198849,Cassie
1414,890609185150312448,Zoey
1415,890971913173991426,Jax
1416,891327558926688256,Franklin
1417,891689557279858688,Darla
1418,891815181378084864,Archie
1419,892177421306343426,Tilly
1420,892420643555336193,Phineas
